block size, naive::scan, efficient::scan, efficient::compact, thrust::scan
2, 1.705963, 3.371424, 3.477096, 0.152979
3, 0.869121, 1.678385, 1.735070, 0.153120
4, 0.475849, 0.892212, 0.926461, 0.156361
5, 0.268811, 0.502830, 0.531393, 0.159694
6, 0.156100, 0.404411, 0.432535, 0.163947
7, 0.144814, 0.393823, 0.414350, 0.167775
8, 0.146012, 0.393572, 0.414207, 0.172095
9, 0.148004, 0.393960, 0.411924, 0.175363
10, 0.163155, 0.406132, 0.423445, 0.179432
